,code,country,life expectancy,adult mortality,infant deaths,alcohol,percentage expenditure,measles,under-five deaths,polio,total expenditure,diphtheria,hiv/aids,alcoholic beverages,animal products,animal fats,"aquatic products, other",cereals - excluding beer,eggs,"fish, seafood",fruits - excluding wine,meat,milk - excluding butter,miscellaneous,offals,oilcrops,pulses,spices,starchy roots,stimulants,sugar crops,sugar & sweeteners,treenuts,vegetal products,vegetable oils,vegetables,obesity,population,per_capita_gdp_ppp,iso_3
0,AF,Afghanistan,60.38333333333333,271.3333333333333,67.66666666666667,0.01,63.830523230500006,1644.1666666666667,91.66666666666667,54.5,8.343333333333332,65.33333333333333,0.09999999999999999,0.0,4.7774,0.8504,0.0,37.1186,0.1501,0.0,1.4757,1.2006,2.4512,0.025,0.1251,0.1751,0.5003,0.1001,0.3252,0.075,0.0,2.2261,0.1251,45.2476,2.3012,0.7504,4.5,38928000.0,1976.0,AFG
1,AL,Albania,77.03333333333333,71.83333333333333,0.16666666666666666,4.943333333333333,352.6549145816667,7.833333333333333,0.8333333333333334,98.83333333333333,5.696666666666666,98.83333333333333,0.09999999999999999,0.912,16.093,1.0591,0.0,16.2107,0.8091,0.1471,3.8982,3.8688,9.9441,0.0588,0.2648,1.0886,0.8091,0.0,1.2651,0.2501,0.0,3.4422,0.3972,33.907,2.8244,2.7508,22.3,2838000.0,12943.0,ALB
2,DZ,Algeria,75.16666666666666,81.66666666666667,21.0,0.44200000000000006,349.0556285833333,53.5,24.0,95.0,6.176,95.0,0.09999999999999999,0.0896,6.0326,0.1941,0.0,25.0112,0.4181,0.1195,3.1805,1.2543,3.9869,0.1045,0.0597,0.2688,1.09,0.1195,1.9262,0.1493,0.0,3.9869,0.22399999999999998,43.9749,5.7638,2.0457,26.6,44357000.0,15293.0,DZA
3,AO,Angola,51.96666666666667,353.6666666666667,71.16666666666667,8.106,124.598640315,4572.833333333333,108.33333333333333,61.833333333333336,3.528,71.33333333333333,2.3,1.9388,4.6927,0.2644,0.0,18.3521,0.0441,0.8372,2.3133,2.9302,0.5067,0.0661,0.1102,1.0795,1.4981,0.0,12.6239,0.0441,0.0,2.7539,0.0,45.3184,4.2741,0.3525,6.8,32522000.0,6658.0,AGO
4,AG,Antigua and Barbuda,75.98333333333333,114.16666666666667,0.0,8.2,1727.5820401666667,0.0,0.0,95.83333333333333,5.508000000000001,98.66666666666667,0.16666666666666666,2.3041,15.3672,1.5429,0.0,13.7215,0.2057,1.7280000000000002,3.6824,7.0356,4.6904,0.3086,0.1646,0.5966,0.4526,0.3497,0.8434,0.4937,0.0,5.8218,0.0823,34.6225,4.6904,1.296,19.1,98000.0,23522.0,ATG
5,AR,Argentina,75.93333333333332,83.0,8.666666666666666,8.164,779.11108305,3.8333333333333335,9.833333333333334,95.16666666666667,5.484,93.0,0.09999999999999999,1.4354,14.9869,1.065,0.0,16.7927,0.8643,0.2006,1.4663,9.4459,3.1641,0.0,0.2624,0.0309,0.1235,0.0309,1.4045,0.2315,0.0,7.0536,0.0463,34.99,5.541,0.8643,28.5,45377000.0,20829.0,ARG
6,AM,Armenia,74.26666666666667,105.66666666666667,1.0,3.982,222.4180130166667,9.666666666666666,1.0,95.83333333333333,4.356,94.33333333333333,0.09999999999999999,0.2274,12.833,1.7706,0.0,19.2658,0.731,0.1787,2.5341,4.2235,5.6368,0.1137,0.2924,0.2274,0.4386,0.0162,1.2508,0.6985,0.0,5.2956,0.3086,37.167,3.5737,3.2164,20.9,2956000.0,9668.0,ARM
7,AU,Australia,82.36666666666667,52.333333333333336,1.0,10.085999999999999,9013.544533833334,171.83333333333334,1.0,92.0,9.308000000000002,92.0,0.09999999999999999,1.9783,15.6146,1.9027,0.0,11.642999999999999,0.4681,0.604,1.6611,7.4902,4.8022,0.2114,0.3473,0.6645,0.1359,0.1057,1.3138,0.5134,0.0,5.7989,0.8457,34.3854,8.3812,1.1326,30.4,25754000.0,49378.0,AUS
8,AT,Austria,84.0,59.0,0.0,12.108,5335.781070126666,97.0,0.0,92.16666666666667,9.326,92.16666666666667,0.09999999999999999,2.8161,15.6106,5.2532,0.0,12.3748,0.7853,0.4062,1.5976,5.0095,4.0482,0.0,0.1083,0.6905,0.1083,0.1083,1.4622,0.3656,0.0,6.2551,0.4197,34.3894,7.1622,1.0290000000000001,21.9,8914000.0,53879.0,AUT
9,AZ,Azerbaijan,72.0,103.16666666666667,5.0,1.2239999999999998,229.52593595,27.333333333333332,6.0,93.16666666666667,5.548,90.0,0.09999999999999999,2.2555,8.1682,1.305,0.0,28.7417,0.5478,0.0967,1.6111,2.9322,3.1738,0.0322,0.1128,0.0483,0.0806,0.0161,2.2072,0.3061,0.0,3.4155,0.4511,41.8237,1.2083,1.4661,19.9,10108000.0,17450.0,AZE
10,BS,Bahamas,75.2,137.5,0.0,9.379999999999999,0.0,0.0,0.0,96.83333333333333,7.548,97.16666666666667,0.13333333333333333,2.9145,14.793,1.4205,0.0,10.7274,0.6613,1.2491,4.4575,8.1803,2.988,1.0776,0.2694,1.0287,0.1225,0.2204,0.7103,0.4164,0.0,8.6701,0.1714,35.2437,3.1594,1.5185,32.1,393000.0,30495.0,BHS
11,BD,Bangladesh,72.35000000000001,114.83333333333333,108.16666666666667,0.01,41.257422145,1527.5,135.66666666666666,95.66666666666667,3.2520000000000002,95.66666666666667,0.09999999999999999,0.0,2.3695,0.1541,0.0,37.5265,0.2312,0.8284,0.655,0.3468,0.7706,0.0193,0.0385,0.1348,1.2329,0.5009,1.9264,0.0193,0.0193,1.4255,0.1156,47.6401,3.429,0.6165,3.4,169809000.0,3877.0,BGD
12,BB,Barbados,75.13333333333334,25.333333333333332,0.0,8.618,191.14882953333336,0.0,0.0,78.5,7.062,91.0,0.09999999999999999,1.1224,12.0877,1.157,0.0,15.3514,0.5871,1.416,1.9340000000000002,5.664,3.1428,0.8979,0.1036,1.1915,1.2606,0.2936,1.7095,0.2936,0.0,8.0815,0.2763,37.9209,4.4552,1.0534,24.8,287000.0,18559.0,BRB
13,BY,Belarus,72.14999999999999,177.66666666666666,0.0,15.34,534.013507075,23.833333333333332,0.6666666666666666,98.16666666666667,5.5920000000000005,98.0,0.09999999999999999,3.2979,12.2644,2.6748,0.0,14.2705,0.8511,0.4863,1.3982,5.7143,2.1884,0.1672,0.3495,0.228,0.0,0.0152,4.9848,0.3951,0.0,4.6049,0.4255,37.7204,6.1246,1.8389,26.6,9375000.0,18896.0,BLR
14,BE,Belgium,83.85000000000001,65.66666666666667,0.0,10.956,1651.5745874000002,146.83333333333334,1.0,98.66666666666667,1.458,98.66666666666667,0.09999999999999999,2.3089,14.1587,4.7771,0.0,13.0441,0.69,0.5971,1.38,3.2776,4.6311,0.0,0.1858,0.2389,0.2919,0.0929,2.1895,0.1194,0.0,6.8073,0.5573,35.8413,7.0727,1.7383,24.5,11515000.0,49367.0,BEL
15,BZ,Belize,69.85000000000001,155.5,0.0,6.640000000000001,509.61301121666673,0.0,0.0,95.5,5.698,95.5,0.23333333333333336,1.5199,9.1752,2.6135,0.0,18.9064,0.2966,0.3707,2.5209,3.9481,1.8906,0.519,0.0371,0.6117,2.2799,0.0371,0.5005,0.2966,0.0,7.6367,0.1297,40.8526,5.1158,0.7414,22.4,419000.0,8525.0,BLZ
16,BJ,Benin,59.38333333333333,251.33333333333334,25.0,0.5519999999999999,65.309154325,430.6666666666667,39.0,64.5,4.872,66.0,1.2333333333333334,1.7604,2.4864,0.0907,0.0,18.4755,0.0544,0.5263,0.7623,1.1978,0.5263,0.0544,0.0726,1.8693,1.6515,1.0163,14.4646,0.0181,0.0,1.4338,0.5082,47.5318,4.6461,0.853,8.2,12209000.0,2276.0,BEN
17,BO,Bolivia,71.63333333333334,163.5,8.333333333333334,3.8340000000000005,0.0,0.0,10.666666666666666,81.66666666666667,5.755999999999999,95.0,0.13333333333333333,0.7859,10.0255,0.9133,0.0,21.644000000000002,0.5523,0.1062,2.4214,6.7545,1.6355,0.1274,0.085,0.4036,0.9133,0.085,3.5472,0.2761,0.0,5.6924,0.7859,39.9533,2.6551,0.6372,18.7,11633000.0,7576.0,BOL
18,BA,Bosnia and Herzegovina,76.95,77.33333333333333,0.0,4.388,356.77450197599995,792.3333333333334,0.0,72.0,9.652,87.66666666666667,0.09999999999999999,3.8856,9.0561,0.5507,0.0,21.233,0.2907,0.1836,1.8969,3.0289,4.8799,0.1989,0.1071,0.306,0.7802,1.0402,2.2640000000000002,0.8414,0.0,3.0289,0.2601,40.9515,2.9524,2.2640000000000002,19.4,3281000.0,13108.0,BIH
19,BW,Botswana,63.61666666666667,247.83333333333334,2.0,2.3560000000000003,315.4582386908333,145.0,2.5,96.0,5.682,95.0,3.9,1.5598,8.1197,1.047,0.0,22.3932,0.1068,0.1923,1.0256,1.8803,4.6795,0.4487,0.2137,0.4915,0.5769,0.3419,2.6709,0.2564,0.0,5.9402,0.0427,41.8803,5.4915,0.6409999999999999,16.1,2317000.0,17024.0,BWA
20,BR,Brazil,74.48333333333333,147.66666666666666,47.666666666666664,7.441999999999998,673.1368692533333,237.16666666666666,53.333333333333336,97.16666666666667,8.446000000000002,96.5,0.09999999999999999,1.4314,13.2061,1.5238,0.0,14.5913,0.4464,0.2309,1.7239,7.1571,3.7402,0.0,0.1077,0.7234,2.0317,0.0154,1.7854,0.1385,0.1847,6.3260000000000005,0.077,36.8016,7.2033,0.5541,22.3,211812000.0,15553.0,BRA
21,BG,Bulgaria,73.98333333333333,119.83333333333333,0.8333333333333334,11.309999999999999,465.97426575000003,3696.0,1.0,93.0,7.519999999999999,93.0,0.09999999999999999,3.6782,12.29,2.458,0.0,17.930999999999997,0.5836,0.2829,1.7683,4.3148,4.3855,0.0884,0.2653,0.6366,0.3537,1.2202,0.9019,0.2122,0.0,4.6508,0.1415,37.7188,5.252000000000001,0.8665,27.4,6927000.0,20948.0,BGR
22,BF,Burkina Faso,58.73333333333333,191.0,40.5,3.6919999999999993,58.6904544485,1925.0,67.16666666666667,49.666666666666664,5.708000000000001,76.83333333333333,0.7666666666666666,2.5188,2.7946,0.1287,0.0,31.6051,0.1471,0.2574,0.1471,1.1583,1.0112,0.0368,0.0919,3.6771,2.4269,0.0552,0.478,0.0184,0.0,1.765,0.0735,47.1962,4.2103,0.2022,4.5,20903000.0,1866.0,BFA
23,KH,Cambodia,67.63333333333334,155.5,11.833333333333334,0.8699999999999999,24.15375694683333,315.5,13.666666666666666,83.16666666666667,5.888,87.16666666666667,0.2833333333333334,1.4153,4.0437,0.1011,0.0,33.0166,0.1011,1.7792,0.647,1.7792,0.2022,0.182,0.0809,1.8601,0.93,0.1415,1.6983,0.0404,0.1415,4.1852,0.0404,45.9361,1.3142,0.3639,3.5,15497000.0,4018.0,KHM
24,CM,Cameroon,56.20000000000001,310.6666666666667,49.0,2.474,62.851564438333334,792.1666666666666,74.83333333333333,72.16666666666667,4.394,85.16666666666667,4.366666666666666,1.5263,2.1669,0.1507,0.0,20.5201,0.0188,0.5464,3.5048,0.9987,0.4145,0.0565,0.0565,2.3931,3.5613,0.6595,8.1213,0.0377,0.0,1.6017,0.3203,47.8236,4.1455,1.3755,9.5,26598000.0,3722.0,CMR
25,CA,Canada,81.71666666666667,56.5,2.0,8.239999999999998,4867.609570366668,268.0,2.0,91.16666666666667,3.5840000000000005,90.66666666666667,0.09999999999999999,1.5748,12.6986,3.9656,0.0,13.0279,0.7731,0.5297,1.8182,4.796,2.6199,0.2577,0.0143,1.3171,1.5748,0.1432,1.5175,0.2434,0.0,6.199,0.5870000000000001,37.2942,7.9599,1.088,31.3,38190000.0,46510.0,CAN
26,CV,Cape Verde,72.81666666666666,101.5,0.0,1.9700000000000002,177.418813036,0.0,0.0,80.5,4.617999999999999,80.5,0.26666666666666666,1.2525,8.5288,1.0537,0.0,23.8171,0.33799999999999997,0.3976,1.4513,3.4394,3.2207,0.4374,0.0795,0.4374,2.2068,0.49700000000000005,1.8887,0.1789,0.0,3.6183,0.0596,41.4712,4.493,1.1332,10.6,556000.0,6913.0,CPV
27,CF,Central African Republic,52.06666666666666,435.5,15.833333333333334,0.6719999999999999,35.86253067566667,296.3333333333333,22.833333333333332,42.833333333333336,3.854,42.666666666666664,5.25,0.5402,7.3927,0.7393,0.0,8.9565,0.0569,0.4265,1.905,4.9758,0.8814,0.0284,0.3412,2.3031,2.2747,0.0,19.6759,0.0853,0.0,1.706,0.0,42.5931,4.8052,0.3128,6.3,4830000.0,727.0,CAF
28,TD,Chad,52.083333333333336,363.3333333333333,46.0,0.466,42.83102383666667,1813.8333333333333,78.5,40.0,3.232,33.0,3.4,0.1436,6.9411,0.7659,0.0,27.8124,0.0239,0.4787,0.3112,3.0158,2.0345,0.0239,0.5984,5.5529,2.0345,0.0,3.1833,0.0,0.0,2.0823,0.0,43.0828,1.8191,0.0957,4.8,16877000.0,1945.0,TCD
29,CL,Chile,81.3,84.66666666666667,2.0,7.261999999999999,1240.8510157166666,2.5,2.0,65.66666666666667,7.306,79.5,0.09999999999999999,1.5942,12.3547,1.3783,0.0,19.5782,0.631,0.3985,1.2786,7.4228,2.4909,0.083,0.0332,0.3819,0.5812,0.0332,2.1421,0.1827,0.0,7.6387,0.2325,37.6453,2.823,1.0959999999999999,28.8,19470000.0,24747.0,CHL
30,CN,China,75.51666666666667,88.5,193.33333333333334,5.738,51.865438593499995,29359.5,224.83333333333334,99.0,5.2780000000000005,99.0,0.09999999999999999,1.2768,16.1844,1.1773,0.0209,17.3827,1.2349,1.2872,1.2924,9.8896,1.889,0.5128,0.6698,1.0518,0.1727,0.0837,1.4023,0.4762,0.0052,3.3436,0.7797,33.8235,3.5791,2.4645,6.6,1402385000.0,16842.0,CHN
31,CO,Colombia,74.31666666666666,122.33333333333333,11.166666666666666,4.376,539.3496447033333,1.5,13.166666666666666,75.83333333333333,6.874,75.83333333333333,0.09999999999999999,0.9856,8.8544,0.4363,0.0,15.3337,0.7433,0.2424,4.6857,4.0717,3.2477,0.0485,0.1293,0.3393,0.8240000000000001,0.0808,2.7953,0.0969,0.0162,9.5492,0.1777,41.1375,5.5906,0.614,22.1,49444000.0,14503.0,COL
32,CG,Congo,63.56666666666666,278.6666666666667,7.0,1.4759999999999998,0.0,355.5,10.0,50.666666666666664,4.022,57.166666666666664,3.233333333333334,1.6241,4.9805,0.065,0.0,12.6462,0.0433,1.1693,1.8839,3.1832,0.2815,0.1083,0.2382,1.2343,0.6063,0.0,17.7783,0.1299,0.0,3.5513,0.0,45.0195,4.699,0.7579,8.4,5518000.0,5454.0,COG
33,CR,Costa Rica,79.13333333333333,83.0,1.0,3.4400000000000004,1357.6254881833331,0.16666666666666666,1.0,77.0,9.546000000000001,90.33333333333333,0.09999999999999999,1.2109999999999999,11.347000000000001,1.9741,0.0,14.499,0.6304,0.7299,2.2230000000000003,3.0358,4.8938,0.0664,0.0829,0.5309,1.775,0.0829,0.8129,0.2488,0.0,8.4107,0.1327,38.6695,7.9297,0.7133,25.7,5111000.0,17110.0,CRI
34,HR,Croatia,77.36666666666667,55.5,0.0,12.062000000000001,1292.5271530333334,37.833333333333336,0.0,95.66666666666667,7.896000000000001,95.66666666666667,0.09999999999999999,2.7404,14.6911,2.4809,0.0,14.2695,0.5027,0.6,1.508,5.4484,5.3997,0.0,0.2594,0.7297,0.1135,0.0649,1.1351,1.2162,0.0,7.4753,0.2757,35.317,3.843,1.9296,27.1,4020000.0,26296.0,HRV
35,CY,Cyprus,81.36666666666666,55.166666666666664,0.0,8.322,884.3002297166668,4.833333333333333,0.0,98.66666666666667,7.4079999999999995,98.66666666666667,0.09999999999999999,1.6826,12.8681,0.7075,0.0,15.392000000000001,0.5927,0.8604,1.9312,5.9847,4.5698,0.631,0.1338,1.0134,0.5354,0.0765,0.9943,1.0325,0.0,4.4933,0.4015,37.1511,7.4379,1.5105,22.6,1207000.0,36012.0,CYP
36,CZ,Czech Republic,78.14999999999999,78.66666666666667,0.0,12.592,0.0,47.5,0.0,98.66666666666667,7.475999999999999,98.16666666666667,0.09999999999999999,4.8993,14.0415,3.8156,0.0,11.4011,0.5037,0.29,1.2821,5.0366,4.2735,0.1068,0.1068,0.2442,0.29,0.0763,1.7705,0.5037,0.0,6.1661,0.1984,35.9737,8.1197,0.9005,28.5,10716000.0,38020.0,CZE
37,DK,Denmark,81.64999999999999,76.33333333333333,0.0,9.83,5477.423051966666,24.0,0.0,79.16666666666667,5.74,79.16666666666667,0.09999999999999999,2.4239,17.7505,5.0547,0.0,13.3757,0.9607,0.9459,1.5814,5.0103,5.439,0.0,0.3252,0.3104,0.1035,0.1921,1.6553,0.8868,0.0,7.1386,0.5025,32.2643,2.9116,1.1676,21.3,5829000.0,54356.0,DNK
38,DO,Dominican Republic,73.13333333333334,136.5,6.0,5.942,591.87399913,0.3333333333333333,7.166666666666667,72.0,4.316,86.0,0.48333333333333334,1.589,8.6782,0.7508,0.0,13.3054,0.6286,0.2968,7.421,3.7716,2.9859,0.1921,0.2445,1.1524,1.5017,0.0524,1.3794,0.1746,0.0,5.412999999999999,0.0349,41.3305,8.521,0.5762,26.9,10500000.0,16064.0,DOM
39,EC,Ecuador,75.66666666666667,125.33333333333333,6.5,3.8899999999999997,148.79923736166666,54.833333333333336,7.666666666666667,85.5,6.95,85.66666666666667,0.09999999999999999,0.9275,9.7391,1.4879,0.0,23.4396,0.5411,0.2512,2.5894,3.9227,3.4203,0.0966,0.1353,0.3671,0.3285,0.0386,1.0242,0.0773,0.0,3.6908,0.0386,40.2319,7.1884,0.4638,19.3,17511000.0,11612.0,ECU
40,EG,Egypt,75.33333333333333,164.16666666666666,53.5,0.21800000000000003,0.0,1239.6666666666667,62.833333333333336,95.0,5.318,95.0,0.09999999999999999,0.0301,4.1999,0.5269,0.0,32.2144,0.1957,0.6322,2.5591,1.6408,0.9935,0.0151,0.2107,0.7828,0.6624,0.1204,1.2645,0.0452,0.3462,4.0644,0.0602,45.7926,2.0623,1.5806,31.1,100803000.0,11608.0,EGY
41,SV,El Salvador,72.8,185.33333333333334,2.0,2.4299999999999997,488.3105018666667,0.0,2.0,78.0,6.828,91.16666666666667,0.25000000000000006,0.9019,7.9857,1.3717,0.0,22.6043,0.5825,0.2818,1.9917,2.2924,3.4198,0.2443,0.0564,1.4092,2.95,0.0188,1.2026,0.1691,0.0,7.1965,0.0376,41.9955,2.1984,1.0898,22.7,6481000.0,8023.0,SLV
42,EE,Estonia,76.63333333333333,129.66666666666666,0.0,3.002,1528.9052769666666,2.8333333333333335,0.0,93.5,6.26,93.5,0.09999999999999999,4.8389999999999995,15.3336,1.9572,0.0,16.2121,0.7397,0.33899999999999997,1.5411,4.3612,7.8132,0.0462,0.1387,0.1387,0.4315,0.1541,2.25,1.125,0.0,3.7756,0.4469,34.6741,2.4503,1.2329,23.8,1331000.0,33448.0,EST
43,ET,Ethiopia,63.400000000000006,241.16666666666666,148.16666666666666,1.274,53.43437492483333,7929.0,217.0,40.0,5.85,70.16666666666667,1.0666666666666667,0.4774,2.0182,0.1519,0.0,31.5321,0.0434,0.0217,0.2821,0.6509999999999999,1.1068,0.0,0.0651,0.4123,4.4705,0.5859,6.1198,0.0651,0.0,1.8663,0.0868,47.9601,1.8012,0.2821,3.6,114916000.0,1903.0,ETH
44,FJ,Fiji,69.48333333333333,132.16666666666666,0.0,0.458,234.42504862166666,0.0,0.0,99.0,4.348,99.0,0.09999999999999999,0.7322,8.4795,2.2476,0.0,18.1338,0.2724,1.1238,0.63,3.5587,1.1749,0.0681,0.1192,3.5076,1.8219,0.1192,4.3419,0.2384,0.0,5.9254,0.0511,41.512,5.1081,0.8343,30.0,896000.0,9575.0,FJI
45,FI,Finland,84.0,81.66666666666667,0.0,9.308000000000002,3138.6083184799995,6.0,0.0,98.33333333333333,9.426,98.33333333333333,0.09999999999999999,2.4873,19.2239,2.4273,0.0,14.504000000000001,0.5094,0.9440000000000001,1.6032,7.9562,7.267,0.4495,0.1199,0.2997,0.1648,0.045,1.6931,0.5993,0.0,4.525,0.2397,30.7761,3.2814,0.884,24.9,5529000.0,46344.0,FIN
46,FR,France,81.85000000000001,81.66666666666667,2.8333333333333335,11.520000000000001,2482.4550123666663,3448.8333333333335,3.0,98.66666666666667,11.413999999999998,98.66666666666667,0.09999999999999999,1.9955,16.9899,3.6818,0.0,13.8983,0.6183,0.8994,1.6582,6.1551,5.3963,0.0562,0.2389,0.3513,0.2389,0.0422,1.321,0.4356,0.0,5.5509,0.4216,33.0101,6.0568,0.9837,23.2,64940000.0,44033.0,FRA
47,GA,Gabon,64.11666666666667,263.3333333333333,2.0,6.984,325.7317932333333,31.166666666666668,3.0,62.5,3.4160000000000004,53.0,4.516666666666667,2.0617,7.1874,0.1513,0.0,18.0064,0.0567,1.0781,5.2771,4.4638,0.9835,0.3215,0.4539,2.3454,0.0378,0.0,8.398,0.1702,0.0189,2.7237,0.0189,42.8031,2.8939,0.5485,13.4,2231000.0,18113.0,GAB
48,GM,Gambia,62.70000000000001,270.6666666666667,3.0,1.384,0.0,12.333333333333334,5.166666666666667,96.5,6.388,96.83333333333333,1.7166666666666668,0.3543,3.7394,0.0787,0.0,26.8845,0.0984,1.1021,0.1771,0.6298,1.791,0.1771,0.0394,4.8219,0.1574,0.0,0.3543,0.0787,0.0,5.5895,0.0787,46.2704,7.282,0.2952,8.7,2417000.0,1699.0,GMB
49,GE,Georgia,74.21666666666667,109.0,1.0,7.026000000000001,158.87353445,1934.6666666666667,1.0,90.83333333333333,6.824000000000001,92.66666666666667,0.09999999999999999,1.2367,8.8138,1.6025,0.0,25.6053,0.4006,0.2613,0.8361,2.3689,4.0759,0.2264,0.0871,0.1916,0.0,0.0523,1.4806,0.8361,0.0,6.6539,0.2961,41.1949,3.205,0.5748,23.3,3715000.0,10674.0,GEO
50,DE,Germany,84.66666666666667,71.5,2.0,11.11,1855.2361458666667,1205.1666666666667,3.0,94.0,7.525999999999999,95.0,0.09999999999999999,3.2902,15.3684,4.162,0.0,12.4016,0.6187,0.5343,1.5607,5.0759,4.9072,0.0,0.0703,0.4781,0.0984,0.0984,1.7717,0.4218,0.0,6.482,0.7593,34.6316,6.1867,1.0827,25.7,83300000.0,52556.0,DEU
51,GH,Ghana,63.03333333333333,257.1666666666667,38.5,0.6719999999999999,116.57512716666666,473.3333333333333,55.666666666666664,91.33333333333333,4.624,78.66666666666667,1.0833333333333333,0.3956,2.1263,0.0989,0.0,13.8784,0.0659,0.9229999999999999,5.6865,0.7417,0.2308,0.0494,0.0824,1.6812,1.0219,0.5769,19.6143,0.0,0.0659,1.9779,0.0989,47.8655,2.4065,0.4121,9.7,31073000.0,4502.0,GHA
52,GR,Greece,84.5,74.5,0.0,8.041999999999998,2209.630856166667,32.833333333333336,0.0,99.0,9.250000000000002,99.0,0.09999999999999999,1.0285,11.4771,0.7006,0.0,14.4731,0.4919,0.5068,2.2954,4.1586,5.4255,0.16399999999999998,0.1938,0.8794,0.6707,0.0596,1.5203,0.4919,0.0,4.2629,1.0434,38.5303,10.1654,1.4607,27.4,10700000.0,28583.0,GRC
53,GD,Grenada,73.16666666666667,124.0,0.0,8.097999999999999,432.1882873216667,0.0,0.0,94.16666666666667,6.274,95.83333333333333,0.09999999999999999,1.9979,12.2581,0.7284,0.0,13.7565,0.7284,1.1446,3.5588,5.7648,3.8085,0.3538,0.0832,1.1863,1.3111,0.6452,1.1446,0.3122,0.0,7.9084,0.0416,37.7523,4.9116,0.6035,20.2,113000.0,15156.0,GRD
54,GT,Guatemala,72.39999999999999,190.0,10.833333333333334,2.0260000000000002,437.5822395166667,0.0,13.166666666666666,72.33333333333333,6.35,85.0,0.39999999999999997,0.5887,5.5534,0.3925,0.0,23.8619,0.9419,0.0981,1.3736,2.551,1.4914,0.0589,0.0785,1.0793,2.7473,0.0589,0.3532,0.1766,0.0,9.3995,0.2159,44.4662,3.748,0.7653,18.8,18066000.0,8168.0,GTM
55,GN,Guinea,58.36666666666667,245.83333333333334,27.5,0.09,22.011249238333335,88.83333333333333,41.833333333333336,55.833333333333336,5.16,59.5,1.3500000000000003,0.0894,2.415,0.161,0.0,24.8479,0.1073,0.3399,2.5939,1.0376,0.6619,0.0716,0.1073,1.8784,0.7335,0.0,6.7979,0.0894,0.0,2.2182,0.0,47.585,6.6547,1.61,6.6,12560000.0,2247.0,GIN
56,GW,Guinea-Bissau,57.800000000000004,282.8333333333333,4.0,1.3619999999999999,25.495199961,30.0,6.333333333333333,85.83333333333333,5.970000000000001,86.16666666666667,4.666666666666667,0.6881,3.8624,0.1554,0.0,28.6127,0.0666,0.0444,1.9534,2.5971,0.8657,0.1332,0.111,0.5771,0.3996,0.0,4.1065,0.0666,0.0,0.6881,1.1543,46.1487,7.5028,0.2664,8.2,1927000.0,1704.0,GNB
57,GY,Guyana,65.89999999999999,187.0,0.0,7.5699999999999985,238.62991870916667,0.0,1.0,95.33333333333333,6.064,96.0,0.3333333333333333,0.5719,9.0121,0.20800000000000002,0.0,21.2998,0.1213,0.8666,2.253,3.6915,4.1075,0.1906,0.0347,2.5303,1.1612,0.5546,1.3345,0.2773,0.0,5.5459,0.2253,40.9879,1.8371,3.1889,19.2,787000.0,8180.0,GUY
58,HT,Haiti,58.366666666666674,287.0,15.833333333333334,4.561999999999999,12.8119648495,0.0,25.666666666666668,63.0,7.17,53.833333333333336,0.9499999999999998,2.0559,3.7884,0.3234,0.0,21.5754,0.0462,0.2079,2.9568,2.079,1.0626,0.0924,0.0924,0.8085,3.8346,0.0,5.7057,0.2079,0.0,4.0425,0.0,46.2,4.5507,0.3696,20.5,11403000.0,1819.0,HTI
59,HN,Honduras,74.16666666666667,128.5,3.6666666666666665,3.058,225.82915812333331,0.0,4.333333333333333,97.0,8.934000000000001,97.0,0.36666666666666664,0.7052,6.7385,0.6464,0.0,23.3301,0.2938,0.0979,1.5475,2.8991,2.7032,0.1567,0.0784,0.1763,2.3898,0.0196,0.2938,0.2351,0.0,8.5406,0.0392,43.2517,5.4848,0.3722,19.4,9864000.0,4997.0,HND
60,HU,Hungary,75.2,121.16666666666667,0.0,8.89,86.243490215,1.3333333333333333,0.6666666666666666,99.0,7.672,99.0,0.09999999999999999,3.0432,16.0682,5.28,0.0,13.4206,0.8065,0.1978,1.0347,5.9038,3.8649,0.0152,0.0,0.1978,0.4108,0.1522,1.339,0.426,0.0,5.3408,0.0304,33.9318,7.4863,1.0499,28.6,9767000.0,28799.0,HUN
61,IS,Iceland,82.33333333333334,35.333333333333336,0.0,7.790000000000001,3641.6225157666663,0.0,0.0,78.66666666666667,8.76,78.66666666666667,0.09999999999999999,2.0403,22.2911,2.9915,0.0,10.7803,0.5928,2.2746,2.2195,7.5958,8.5746,0.4687,0.2619,0.4825,0.0965,0.1654,1.0753,0.9374,0.0,5.3212,0.2481,27.7089,3.0189999999999997,0.8547,23.1,368000.0,55322.0,ISL
62,IN,India,67.39999999999999,160.0,1044.5,3.01,56.91716456333334,44588.666666666664,1350.0,81.0,4.444,83.0,0.19999999999999998,0.2582,5.5622,1.4899,0.0,27.651999999999997,0.2384,0.2582,1.4303,0.298,3.2578,0.0,0.0199,0.9734,3.1387,0.5959,1.1124,0.0199,0.0,3.5757,0.1986,44.4378,4.3504,1.1323,3.8,1400100000.0,7166.0,IND
63,ID,Indonesia,68.60000000000001,181.83333333333334,126.33333333333333,0.084,146.63480096666666,15452.0,151.33333333333334,58.166666666666664,2.826,81.0,0.3,0.0346,3.372,0.121,0.0,31.9557,0.3977,1.4698,1.4179,0.9165,0.3631,0.0,0.1038,1.8330000000000002,0.1729,0.2594,2.4728,0.1383,0.0,3.4584,0.0865,46.6367,4.0809,0.7090000000000001,6.9,271739000.0,12310.0,IDN
64,IR,Iran,75.01666666666665,73.83333333333333,20.333333333333332,0.018,0.0,307.6666666666667,23.5,98.66666666666667,7.136,98.66666666666667,0.09999999999999999,0.0,5.8494,1.3782,0.0,26.2179,0.4647,0.3686,2.8526,2.3077,1.2179,0.0,0.0962,0.1122,1.0897,0.1282,1.6346,0.0481,0.0,4.5513,1.2821,44.1506,4.4712,1.7788,25.5,84150000.0,20885.0,IRN
65,IQ,Iraq,72.55,139.0,32.0,0.078,204.58305657333335,656.8333333333334,38.833333333333336,37.666666666666664,4.772,68.66666666666667,0.09999999999999999,0.0997,4.1476,0.9372,0.0,29.7308,0.7378,0.1196,1.5753,1.4756,0.8774,0.1196,0.0199,0.2991,0.6979,0.0399,0.33899999999999997,0.2592,0.0,4.7059,0.1994,45.8225,7.2383,0.5583,27.4,39725000.0,16935.0,IRQ
66,IE,Ireland,83.10000000000001,56.833333333333336,0.0,11.266000000000002,3160.4673460833333,153.83333333333334,0.0,95.16666666666667,8.222,95.16666666666667,0.09999999999999999,3.2284,14.0167,2.9997,0.0,14.4471,0.4977,0.7398,1.8832,5.0982,4.5601,0.0807,0.1211,0.3901,0.3228,0.0807,1.7487,0.7129,0.0,6.0533,0.3497,35.9833,5.4479,1.2376,26.9,5003000.0,76745.0,IRL
67,IL,Israel,82.01666666666667,42.166666666666664,0.8333333333333334,2.678,2776.8313270333333,73.33333333333333,1.0,94.83333333333333,7.636,94.83333333333333,0.09999999999999999,0.6267,11.5653,0.5127,0.0,15.297,0.5555,0.6409,2.6919,5.7257,4.0023,0.0997,0.1424,1.581,0.8688,0.0712,1.0255,0.4985,0.0,3.6177,0.6552,38.4133,9.8846,1.524,26.7,9216000.0,38868.0,ISR
68,IT,Italy,82.21666666666667,31.5,1.8333333333333333,7.266,3461.3503292333335,1016.0,2.0,95.33333333333333,9.288,95.5,0.09999999999999999,1.4624,12.5657,2.1014,0.0,16.2999,0.6389,0.7951,1.9878,5.0121,3.9188,0.1136,0.0994,0.213,0.6957,0.0142,0.9655,0.1562,0.0,4.4299,0.7099,37.4414,9.1722,1.2069,22.9,60296000.0,40924.0,ITA
69,CI,Ivory Coast,52.26666666666666,351.1666666666667,58.833333333333336,2.5360000000000005,0.0,228.16666666666666,81.5,76.33333333333333,6.081999999999999,66.0,2.6333333333333333,0.4579,2.1612,0.0549,0.0,18.8278,0.1282,0.6409999999999999,2.5458,0.8791,0.2747,0.0183,0.1832,1.2088,0.3846,0.2564,15.5495,0.5311,0.0,1.63,0.8425,47.8388,4.9451,0.6409999999999999,9.0,26175000.0,3945.0,CIV
70,JM,Jamaica,75.51666666666667,134.83333333333334,1.0,3.6799999999999997,149.95603748566666,0.16666666666666666,1.0,92.16666666666667,5.488,93.0,0.5333333333333333,1.3423,9.4685,1.5781,0.0,16.1255,0.127,0.8707,2.5757,3.8999,2.8297,0.2902,0.1451,1.0521,0.5079,0.8163,2.739,0.1633,0.0,9.269,0.0363,40.5405,4.5892,1.0339,24.4,2809000.0,9066.0,JAM
71,JP,Japan,83.25,58.666666666666664,2.3333333333333335,5.848000000000001,1777.7650059966666,306.3333333333333,3.3333333333333335,98.33333333333333,2.9859999999999998,96.5,0.09999999999999999,2.4472,10.1594,0.5562,0.0185,19.6329,1.4461,2.3174,0.8713,3.6522,2.0393,0.0742,0.1298,2.0022,0.2595,0.2039,1.1123,0.4079,0.0927,4.4679,0.24100000000000002,39.8406,6.7482,1.2792,4.4,125967000.0,42067.0,JPN
72,JO,Jordan,73.78333333333332,114.5,4.0,0.43200000000000005,243.84013677,23.833333333333332,4.0,98.16666666666667,7.898000000000001,98.16666666666667,0.09999999999999999,0.0553,6.0796,0.5527,0.0,22.0892,0.2395,0.2211,1.308,2.8924,2.1002,0.1105,0.0737,0.9211,1.1238,0.0921,0.8106,0.3316,0.0,6.9823,0.35,43.9204,8.6035,1.1422,33.4,10679000.0,9173.0,JOR
73,KZ,Kazakhstan,69.46666666666667,153.66666666666666,5.666666666666667,6.609999999999999,79.42172823166668,184.33333333333334,6.333333333333333,97.66666666666667,4.4,98.0,0.09999999999999999,1.5175,14.1114,1.1264,0.0,14.6746,0.5163,0.1408,1.6269999999999998,5.1001,6.9775,0.1408,0.2503,0.2972,0.0782,0.0313,2.9568,0.485,0.0,4.1302,0.3442,35.8886,7.7441,1.8617,21.3,18732000.0,26491.0,KAZ
74,KE,Kenya,62.53333333333333,266.1666666666667,58.0,1.438,109.56919260166666,521.5,82.33333333333333,78.33333333333333,5.196,77.83333333333333,3.233333333333333,0.6828,5.9101,0.3532,0.0,26.3951,0.0942,0.1648,1.3892,1.8837,3.2494,0.0,0.1413,0.4003,3.5555,0.0235,3.8615,0.0706,0.0,3.6732,0.1413,44.1017,3.2964,0.6122,6.0,53528000.0,3292.0,KEN
75,KI,Kiribati,65.78333333333333,49.833333333333336,0.0,0.20800000000000002,71.87829269999999,0.0,0.0,76.66666666666667,1.334,88.66666666666667,0.09999999999999999,0.1145,5.9555,0.2291,0.0,16.9993,0.1309,2.6014,1.8815,2.6832,0.2781,0.1145,0.0164,10.2912,0.0,0.0164,3.6649,0.0164,0.0,7.9188,0.2945,44.0609,2.1924,0.5399,45.6,125000.0,2185.0,KIR
76,KW,Kuwait,74.38333333333334,83.5,0.6666666666666666,0.012,2171.0369711666667,34.5,1.0,97.83333333333333,2.7819999999999996,98.0,0.09999999999999999,0.0,9.1727,0.5806,0.0,20.4209,1.016,0.3048,2.5109,4.1655,2.9753,0.3193,0.1306,0.4644,0.8273,0.3774,1.2337,0.6096,0.0,6.1393,0.4209,40.8418,5.7620000000000005,1.7271,37.0,4691000.0,72096.0,KWT
77,KG,Kyrgyzstan,72.36666666666666,127.0,3.3333333333333335,1.2079999999999997,0.0,3053.3333333333335,3.8333333333333335,94.16666666666667,6.593999999999999,96.33333333333333,0.11666666666666668,0.7328,10.992,0.7507,0.0,22.8776,0.28600000000000003,0.0536,0.8937,3.0742,6.5773,0.0894,0.2324,0.0179,0.9294,0.0536,3.092,0.6077,0.0,4.3968,0.3932,39.0349,2.4307,2.4844,15.4,6594000.0,3735.0,KGZ
78,LA,Laos,64.65,145.83333333333334,8.833333333333334,2.274,0.0,127.33333333333333,12.0,82.66666666666667,2.188,82.5,0.26666666666666666,1.1323,4.7916,0.6072,0.0,29.488000000000003,0.1149,0.7877,4.1516,2.9865,0.1477,0.1313,0.1313,1.1815,0.4102,0.3446,2.4614,0.4102,0.4431,1.5425,0.0164,45.2248,1.4605,2.0348,4.5,7242000.0,7038.0,LAO
79,LV,Latvia,73.88333333333334,136.66666666666666,0.0,8.106,697.2746249766666,6.666666666666667,0.0,92.66666666666667,6.022,92.66666666666667,0.09999999999999999,3.0614,15.4174,3.8504,0.0,14.7546,0.7417,0.8364,1.1835,4.8919,4.9235,0.1262,0.1578,0.284,0.0158,0.0316,3.5821,0.9626,0.0,4.0713,0.3787,34.5905,4.7972,1.3413,25.7,1902000.0,28362.0,LVA
80,LB,Lebanon,74.91666666666667,95.66666666666667,1.0,1.4580000000000002,324.424040155,323.6666666666667,1.0,75.0,6.864,81.0,0.09999999999999999,0.3473,5.4012,0.6078,0.0,21.3268,0.1389,0.2779,2.0841,2.1362,2.1709,0.1563,0.0521,0.9899,1.042,0.0868,1.4415,0.3821,0.0,6.6342,1.0247,44.6162,7.5547,1.5283,31.3,6825000.0,14513.0,LBN
81,LS,Lesotho,52.25000000000001,436.0,4.0,1.026,139.05047936666668,559.1666666666666,6.0,51.166666666666664,7.624,93.83333333333333,10.200000000000001,0.767,3.7037,0.0877,0.0,34.6044,0.0657,0.0877,0.4602,2.3011,0.9424,0.0877,0.2192,0.1753,1.819,0.1753,2.3011,0.0438,0.0,2.7175,0.0,46.3073,2.7613,0.3726,13.5,2142000.0,2932.0,LSO
82,LR,Liberia,61.550000000000004,274.1666666666667,8.666666666666666,1.4780000000000002,41.646485776666665,602.6666666666666,11.666666666666666,55.333333333333336,6.9879999999999995,37.5,1.2333333333333334,0.7505,2.7908,0.0938,0.0,25.2814,0.0938,0.258,1.6886,2.0872,0.1407,0.0938,0.1173,0.5394,0.1642,0.0,8.0675,0.0469,0.1642,1.4775,0.1173,47.1857,8.3724,0.469,8.6,5058000.0,1285.0,LBR
83,LT,Lithuania,73.03333333333335,149.0,0.0,14.186000000000002,1528.3762456666666,17.5,0.0,93.16666666666667,6.914,93.16666666666667,0.09999999999999999,3.3192,15.4409,2.6612,0.0,15.7187,0.8481,0.9651,1.1698,5.7757,5.0592,0.0439,0.1316,0.3071,1.2867,0.1608,1.3306,0.23399999999999999,0.0,6.1705,0.3217,34.5518,3.5093,0.9943,28.4,2794000.0,33253.0,LTU
84,LU,Luxembourg,83.36666666666666,58.0,0.0,11.268,8891.879440333336,1.3333333333333333,0.0,98.0,7.247999999999999,99.0,0.09999999999999999,5.1574,17.4063,2.3988,0.0,11.979000000000001,0.9595,0.8246,2.069,7.961,5.1574,0.2849,0.1049,0.2999,0.1049,0.1649,1.2294,2.009,0.0,4.048,0.075,32.5937,3.8681,1.3043,24.2,632000.0,107641.0,LUX
85,MK,Macedonia,75.2,14.666666666666666,0.0,1.204,0.0,174.33333333333334,0.0,95.83333333333333,6.675999999999999,95.0,0.09999999999999999,0.9837,9.4365,2.1841,0.0,16.6889,0.3501,0.1834,2.1507,2.9843,3.5178,0.1334,0.1834,0.8003,0.7836,0.3334,1.8673,0.7669,0.0,6.3021,0.4335,40.5802,6.6022,2.7342,23.9,2080000.0,15290.0,MKD
86,MG,Madagascar,64.45,165.66666666666666,29.833333333333332,0.75,50.03852147716666,2.5,41.166666666666664,61.333333333333336,4.022,50.5,0.3833333333333333,0.289,3.5208,0.1839,0.0,31.2401,0.0525,0.2627,1.4714,1.8129,1.051,0.0263,0.1314,0.2102,0.762,0.0788,7.9874,0.0788,0.1051,2.207,0.0263,46.4792,1.7341,0.289,4.5,27691000.0,1558.0,MDG
87,MW,Malawi,55.81666666666667,346.8333333333333,30.0,0.46799999999999997,36.931894054500006,19792.166666666668,45.0,90.33333333333333,7.822,92.33333333333333,8.233333333333334,0.3588,4.0038,0.4344,0.0,23.3428,0.0755,0.3399,3.0784,2.9084,0.1322,0.0189,0.1322,1.3598,2.8706,0.0378,11.4259,0.0189,0.0,1.5297,0.0378,45.9868,1.3219999999999998,0.5855,4.7,19130000.0,1205.0,MWI
88,MY,Malaysia,74.55,108.33333333333333,3.3333333333333335,0.516,168.07489704000002,874.0,4.0,97.0,4.07,97.0,0.09999999999999999,0.2063,8.7831,0.4297,0.0,21.5194,1.2204,1.7532,0.9969,4.0908,1.2375,0.2922,0.0344,0.636,0.4469,0.7219,0.6875,0.0172,0.0,7.0299,0.1375,41.2169,7.5284,1.0141,15.3,32781000.0,29511.0,MYS
89,MV,Maldives,77.7,65.33333333333333,0.0,0.756,1018.2189068533335,0.0,0.0,98.16666666666667,10.017999999999999,98.0,0.09999999999999999,0.3552,12.1226,0.9325,0.0,22.5577,0.9991,4.4183,2.1314,1.8872,3.8854,0.8215,0.0,0.3552,0.1776,0.6883,0.8215,0.6439,0.0444,5.372999999999999,1.421,37.8996,0.9325,1.5319999999999998,7.9,541000.0,16688.0,MDV
90,ML,Mali,57.300000000000004,230.66666666666666,53.0,0.248,48.561154433999995,468.3333333333333,87.33333333333333,61.333333333333336,6.57,68.5,1.5333333333333332,0.6497,5.7446,0.2223,0.0,32.9116,0.0342,0.2394,0.8719,1.7439,3.2997,0.0513,0.171,0.8548,1.59,0.1197,1.4532,0.0171,0.0,1.7781,0.359,44.2811,2.5645,1.0429,7.1,20251000.0,2218.0,MLI
91,MT,Malta,82.53333333333335,57.5,0.0,7.912000000000001,834.3957183666668,0.8333333333333334,0.0,94.33333333333333,9.498,94.33333333333333,0.09999999999999999,1.9506,14.2031,2.0373,0.0,15.8937,0.6791,0.9392,1.5749,5.2883,5.2016,0.0867,0.0578,0.578,0.5202,0.0722,1.127,1.127,0.0,7.5278,0.4479,35.7896,2.8464,2.0517,31.0,522000.0,40797.0,MLT
92,MR,Mauritania,62.583333333333336,89.0,8.0,0.01,39.98682235966667,273.0,12.0,48.666666666666664,3.382,52.0,1.0833333333333335,0.0,7.3716,0.4046,0.0,26.6186,0.1583,0.3343,0.6334,2.1992,4.0816,0.1407,0.2111,0.1759,1.6538,0.0,0.3343,0.1056,0.0,6.3512,0.0,42.6284,6.0873,0.5102,11.3,4650000.0,3958.0,MRT
93,MU,Mauritius,73.95,152.66666666666666,0.0,1.202,477.8078796121666,2.3333333333333335,0.0,98.16666666666667,4.976,97.83333333333333,0.11666666666666665,0.8473,7.3381,0.4157,0.0,23.1974,0.3517,0.8153,0.9273,3.2294,2.4619999999999997,0.3038,0.0639,0.5755,1.4069,0.2878,0.6235,0.3997,0.0,4.6203,0.0959,42.6539,8.4732,0.9113,11.5,1265000.0,22356.0,MUS
94,MX,Mexico,76.31666666666666,105.0,32.5,5.258000000000001,430.25249133333335,1.0,37.5,91.33333333333333,6.32,91.33333333333333,0.09999999999999999,1.196,10.2729,0.9046,0.0,21.5118,1.0733,0.4293,1.6713,5.0445,2.5912,0.0,0.2453,0.4446,1.5486,0.23,0.506,0.0767,0.0,6.9917,0.23,39.7117,4.4772,0.8433,28.4,127792000.0,18656.0,MEX
95,MD,Moldova,73.39999999999999,175.5,1.0,9.772,0.0,6.666666666666667,1.0,92.83333333333333,5.82,49.833333333333336,0.09999999999999999,2.0672,12.299000000000001,1.7958,0.0,21.3823,0.6264,0.4803,1.1485,3.6542,5.5753,0.16699999999999998,0.16699999999999998,0.0835,0.1462,0.0209,1.754,0.3132,0.0,4.6356,0.0418,37.6905,4.7818,1.1693,20.1,3535000.0,5711.0,MDA
96,MN,Mongolia,67.78333333333333,194.16666666666666,1.0,1.168,176.03056798666668,3394.3333333333335,1.5,98.33333333333333,4.462,98.33333333333333,0.09999999999999999,1.5398,20.3754,2.0038,0.0,18.7724,0.3375,0.0211,0.3375,10.5674,6.6231,0.1898,0.8015,0.0633,0.0844,0.0,1.2234,0.7804,0.0,2.9319,0.0422,29.6351,2.9319,0.7382,19.6,3361000.0,12946.0,MNG
97,ME,Montenegro,75.68333333333332,48.5,0.0,2.63,563.9215701166667,1.6666666666666667,0.0,92.66666666666667,6.784000000000001,92.83333333333333,0.09999999999999999,1.4078,17.6268,1.3935,0.0,16.1184,0.6608,0.3591,2.3416,6.9674,8.1023,0.3448,0.1437,0.2729,0.6177,0.0431,0.7039,1.2355,0.0,4.7694,0.3591,32.3804,3.0599,1.0918,24.9,622000.0,19355.0,MNE
98,MA,Morocco,73.66666666666667,68.66666666666667,18.5,0.506,100.58442511999999,400.3333333333333,21.5,98.83333333333333,5.970000000000001,99.0,0.09999999999999999,0.0888,4.8669,0.6361,0.0,29.4675,0.3402,0.6213,2.0562,2.0858,1.0651,0.0148,0.1183,0.1479,0.6509,0.2219,1.4053,0.0888,0.0,5.4142,0.429,45.1331,4.0680000000000005,1.0799,25.6,35952000.0,8225.0,MAR
99,MZ,Mozambique,55.45000000000001,153.0,63.666666666666664,0.852,26.19739648,456.5,89.0,64.0,6.014,65.16666666666667,6.733333333333334,0.3688,2.9074,0.1736,0.0,21.956999999999997,0.1519,0.4556,0.8679,1.3886,0.6943,0.0434,0.0651,0.2821,2.6036,0.0,14.1679,0.0434,0.0,2.148,0.1736,47.1035,3.9705,0.4339,6.0,31166000.0,1250.0,MOZ
100,MM,Myanmar,66.01666666666667,53.833333333333336,43.5,0.378,26.803942613333334,924.8333333333334,56.833333333333336,59.666666666666664,2.0900000000000003,71.5,0.4166666666666667,0.1296,10.8663,0.8145,0.0,23.4358,0.3887,2.0548,1.3514,6.367999999999999,1.1107,0.0926,0.1481,1.7771,2.6287,0.3702,0.722,0.07400000000000001,0.0,3.5542,0.4258,39.1151,3.3321,1.2403,5.7,54704000.0,6174.0,MMR
101,NA,Namibia,65.14999999999999,253.5,2.6666666666666665,3.09,506.0627507551667,836.6666666666666,3.5,86.83333333333333,8.474,86.33333333333333,3.5666666666666664,2.4054,6.5173,0.7607,0.0,18.7294,0.1028,0.4523,1.1308,2.8577,2.1998,0.2056,0.1645,0.2673,1.6036,0.2673,7.2368,0.2056,0.0,5.7155,0.0411,43.4622,5.222,0.4523,15.0,2541000.0,10471.0,NAM
102,NP,Nepal,68.89999999999999,167.0,19.833333333333332,0.21000000000000002,61.00205824216667,1775.0,24.833333333333332,62.833333333333336,6.108,76.33333333333333,0.15,0.1395,3.767,0.6278,0.0,30.7115,0.1395,0.0872,1.4475,0.872,1.9358,0.0174,0.1046,0.1221,1.9881,0.9069,2.7206,0.0698,0.593,0.9069,0.1744,46.2156,4.918,1.5347,3.8,29996000.0,2702.0,NPL
103,NL,Netherlands,82.53333333333335,51.666666666666664,1.0,7.206,1035.3970751666666,475.8333333333333,1.0,96.5,5.482,96.5,0.09999999999999999,2.2164,16.5307,2.3549,0.0,11.4822,0.8465,0.7234,2.6936,5.7411,6.7877,0.0,0.0616,0.1847,0.2309,0.1693,2.2626,0.1231,0.0,6.5877,0.6772,33.477,5.5872,1.2621,23.1,17467000.0,54422.0,NLD
104,NZ,New Zealand,83.41666666666667,58.666666666666664,0.0,9.206666666666665,4498.412429383334,167.66666666666666,0.0,93.0,11.288,93.0,0.09999999999999999,1.6474,15.1117,4.562,0.0,14.4781,0.6336,0.6653,1.6632,6.8747,2.2968,0.0,0.095,0.8871,0.5227,0.1109,1.5524,0.1267,0.0,8.8706,0.5544,34.8804,3.3581,1.1088,32.0,4987000.0,40748.0,NZL
105,NI,Nicaragua,74.13333333333334,151.33333333333334,2.3333333333333335,3.5060000000000002,299.7905363,0.0,2.8333333333333335,99.0,7.839999999999999,98.0,0.09999999999999999,0.6658,6.3344,0.5136,0.0,25.0904,0.3614,0.2283,1.2174,2.4729,2.6441,0.2663,0.1141,0.5707,2.3778,0.0,0.856,0.1141,0.0,7.8181,0.0,43.6751,4.1469,0.5326,21.8,6596000.0,5855.0,NIC
106,NE,Niger,62.133333333333326,199.5,49.333333333333336,0.06,17.1117245125,1912.3333333333333,90.33333333333333,56.333333333333336,6.17,58.833333333333336,0.6333333333333334,0.0194,3.4122,0.4847,0.0,31.0585,0.0194,0.0775,0.8337,1.0857,1.6479,0.0194,0.1163,3.2571,6.3009,0.1357,0.6979,0.0194,0.0,0.6786,0.0,46.5878,1.8806,1.6673,4.7,24189000.0,1019.0,NER
107,NG,Nigeria,53.050000000000004,366.0,501.6666666666667,6.9,163.80490375,17651.833333333332,781.0,48.0,3.566,48.0,4.233333333333333,1.2178,1.6237,0.1421,0.0,21.5953,0.1624,0.345,1.4409999999999998,0.6901,0.2233,0.0203,0.0406,1.2381,1.9687,0.4059,12.259,0.0203,0.0,1.6034,0.1827,48.3864,5.3379,1.0959999999999999,7.8,206140000.0,5887.0,NGA
108,NO,Norway,81.38333333333333,62.666666666666664,0.0,6.261666666666667,3008.671938833333,11.833333333333334,0.0,94.0,9.334,94.0,0.09999999999999999,1.7142,15.5904,2.5713,0.0,14.0092,0.665,1.5516,1.8619999999999999,5.6746,5.0392,1.1822,0.0739,0.8867,0.8275,0.0591,1.4334,0.9901,0.0,4.1673,0.4286,34.4318,5.9997,0.8423,25.0,5387000.0,62183.0,NOR
109,OM,Oman,76.10000000000001,27.833333333333332,1.0,0.49400000000000005,444.0705823166666,3.5,1.0,99.0,2.8120000000000003,98.66666666666667,0.09999999999999999,0.0853,10.0478,0.5629,0.0,19.7544,0.5288,0.7847,6.8918,3.3095,4.7083,0.1024,0.1365,0.3241,0.6482,0.5118,0.8188,0.3753,0.0,4.5036,0.1876,39.9522,4.06,1.7059,22.9,4713000.0,41331.0,OMN
110,PK,Pakistan,65.81666666666666,165.0,364.6666666666667,0.034,40.113996388333334,4543.0,450.1666666666667,74.16666666666667,2.874,74.0,0.09999999999999999,0.0,11.474,2.5140000000000002,0.0,23.3348,0.2793,0.0645,0.6446,1.5471,6.9618,0.0215,0.1289,0.6446,1.3537,0.2793,0.7091,0.1289,0.2793,5.2213,0.1289,38.5045,5.2858,0.4942,7.8,220940000.0,5539.0,PAK
111,PA,Panama,77.31666666666666,101.66666666666667,1.0,6.883999999999999,842.86872055,0.6666666666666666,1.1666666666666667,72.33333333333333,8.09,59.166666666666664,0.09999999999999999,1.8134,10.7042,2.3063,0.0,21.2852,0.3873,0.5986,2.3944,3.9613,3.2569999999999997,0.3697,0.1937,0.6514,0.8803,0.0352,0.6866,0.3521,0.0,6.1972,0.1408,39.2958,4.0317,0.4577,22.5,4283000.0,24521.0,PAN
112,PY,Paraguay,73.64999999999999,126.0,2.8333333333333335,4.368,401.53618581666666,0.0,3.0,72.0,6.2299999999999995,88.5,0.15,1.8252,9.3813,1.1863,0.0,15.8241,0.7848,0.146,1.1316,4.5811,2.3362,0.0913,0.3285,0.8213,1.4054,0.0183,7.1181,0.4745,0.0,5.0192,0.0,40.6279,6.2968,0.6023,19.0,7255000.0,13109.0,PRY
113,PE,Peru,74.86666666666666,108.16666666666667,8.666666666666666,4.016,605.8906707633333,0.6666666666666666,11.0,85.66666666666667,5.2219999999999995,77.33333333333333,0.13333333333333333,1.5529,5.7963,0.1806,0.0,21.2893,0.5778,0.8848,3.485,2.0224,1.8599,0.0542,0.2709,0.7584,1.4987,0.0361,6.7895,0.1806,0.0,4.2615,0.0542,44.2037,3.1239,1.1195,19.1,32824000.0,13463.0,PER
114,PH,Philippines,68.16666666666667,216.16666666666666,55.333333333333336,4.792,109.72587699500001,12804.833333333334,70.0,82.16666666666667,4.478,69.33333333333333,0.09999999999999999,1.0845,7.7225,1.3837,0.0,28.5153,0.2992,0.9723,2.6178,4.4503,0.4301,0.0374,0.187,0.5423,0.2244,0.0748,1.6268,0.2244,0.0,4.0763,0.187,42.2775,2.1503,0.9162,6.0,109581000.0,8361.0,PHL
115,PL,Poland,76.95,67.83333333333333,2.0,10.934000000000001,161.30882836166666,28.0,2.0,94.66666666666667,6.590000000000001,98.66666666666667,0.09999999999999999,2.8507,14.6079,4.1413,0.0,16.0545,0.3687,0.5106,1.0637,6.3537,3.2194,0.0,0.0142,0.2127,0.2695,0.0425,2.6521,0.0851,0.0,6.2544,0.1702,35.3992,4.5242,1.2055,25.6,38368000.0,29924.0,POL
116,PT,Portugal,83.45,81.16666666666667,0.0,11.202000000000002,1588.0613675166667,6.5,0.0,97.66666666666667,6.386,97.83333333333333,0.09999999999999999,3.065,15.4111,3.6379,0.0,13.9072,0.4726,1.3606,2.3203,5.9439,3.8098,0.043,0.1862,0.1862,0.4583,0.043,1.7617,0.7161,0.0,3.6236,0.401,34.5889,6.6457,1.4179,23.2,10255000.0,32554.0,PRT
117,RO,Romania,74.41666666666667,139.33333333333334,2.0,7.456,550.7100738153334,2175.6666666666665,2.0,91.0,5.601999999999999,91.5,0.09999999999999999,2.1141,13.1527,2.1708,0.0,17.849,0.7946,0.1703,1.7877,3.7741,6.101,0.1135,0.1419,0.2128,0.2838,0.3263,2.5965,0.3831,0.0,4.0153,0.2554,36.8473,5.0936,1.8161,24.5,19241000.0,26660.0,ROU
118,RU,Russia,70.89999999999999,235.16666666666666,13.833333333333334,10.756,566.0746329166667,1795.6666666666667,16.0,97.5,7.184,97.0,0.19999999999999998,2.0381,12.7641,2.1273,0.0,16.7361,0.9075,0.6992,1.1306,4.8349,4.0167,0.0298,0.1785,0.2827,0.35700000000000004,0.0298,3.0646,0.2083,0.0,6.8432,0.0446,37.2359,5.3109,1.1604,25.7,146733000.0,25763.0,RUS
119,RW,Rwanda,64.7,165.83333333333334,13.0,3.258,16.982864325833333,42.5,18.166666666666668,96.5,7.703999999999999,97.66666666666667,0.9333333333333332,0.858,2.3707,0.1129,0.0,9.4378,0.0226,0.3161,8.8056,0.9257,0.8806,0.0226,0.0903,0.7902,7.5638,0.0452,16.5049,0.0226,0.0,1.4224,0.0,47.6406,1.6934,0.4741,4.8,12952000.0,2043.0,RWA
120,LC,Saint Lucia,74.74999999999999,141.66666666666666,0.0,10.198,0.0,0.0,0.0,98.5,7.720000000000001,98.5,0.09999999999999999,2.5564,14.6429,1.0526,0.0,15.3571,0.2444,1.2218,2.0113,8.9286,2.9323,0.4323,0.2632,0.8647,1.109,0.3383,1.2406,0.3571,0.0,7.4436,0.188,35.3571,2.6692,0.7895,19.8,182000.0,13986.0,LCA
121,WS,Samoa,73.36666666666667,133.83333333333334,0.0,1.0379999999999998,474.03333561666665,1.5,0.0,51.0,6.1659999999999995,64.5,0.09999999999999999,0.521,13.4454,2.0,0.0336,9.6134,0.1513,1.7479,3.8992,7.9832,1.4286,0.2857,0.1176,9.0924,0.0,0.1345,4.7395,0.2857,0.0,4.1849,0.0336,36.5378,3.4454,0.3193,45.5,200000.0,6641.0,WSM
122,ST,Sao Tome and Principe,66.93333333333332,136.33333333333334,0.0,2.2600000000000002,84.18744160783335,0.0,0.0,96.33333333333333,7.478,96.33333333333333,0.35000000000000003,0.7034,3.6409,0.1862,0.0,18.5974,0.0414,1.1585,8.854,1.6343,0.6206,0.1448,0.0207,6.6198,0.7447,0.0621,2.379,0.0207,0.0,3.2685,0.0,46.3591,4.6752,0.2689,10.6,210000.0,3359.0,STP
123,SA,Saudi Arabia,74.14999999999999,76.66666666666667,7.666666666666667,0.09,938.7764918333334,421.1666666666667,8.833333333333334,97.83333333333333,3.97,98.0,0.09999999999999999,0.0,7.59,0.7825,0.0,23.4585,0.4069,0.3286,3.2707,3.3489999999999998,2.6448,0.2973,0.0782,0.2347,0.7825,0.4069,0.5321,0.5008,0.0,4.6479,0.266,42.41,7.2457,0.7668,35.0,35041000.0,53893.0,SAU
124,SN,Senegal,65.65,136.0,19.833333333333332,0.28,6.2169225495000004,99.83333333333333,28.833333333333332,84.5,4.504,90.33333333333333,0.3499999999999999,0.0766,2.7565,0.1914,0.0,30.5896,0.1149,0.5934,0.4594,1.2634,0.4786,0.0191,0.0957,1.2825,0.7466,0.1149,1.1485,0.0957,0.0,3.2351,0.1149,47.2435,8.2312,1.1485,7.4,16744000.0,3458.0,SEN
125,RS,Serbia,75.03333333333335,124.5,1.0,9.368,553.5878761385001,135.16666666666666,1.0,93.83333333333333,4.8,93.16666666666667,0.09999999999999999,2.5678,13.1419,1.1056,0.0,20.0428,0.6419,0.2318,2.1041,6.2946,4.6541,0.0178,0.214,0.3923,0.4458,0.0535,1.2482,0.5884,0.0,5.2247,0.2853,36.8581,2.6748,1.2126,23.5,6957000.0,15432.0,SRB
126,SL,Sierra Leone,49.96666666666667,362.6666666666667,24.333333333333332,1.5299999999999998,19.556453737000002,876.6666666666666,34.666666666666664,87.33333333333333,9.606000000000002,87.83333333333333,0.9500000000000002,0.1021,2.6128,0.0408,0.0,27.5362,0.1021,0.8777,0.8573,0.6736,0.8777,0.0816,0.0612,1.2656,1.7759,0.1225,7.0831,0.0408,0.0,1.0206,0.2041,47.376999999999995,6.5932,0.6940000000000001,7.5,7977000.0,1530.0,SLE
127,SK,Slovakia,75.95,101.66666666666667,0.0,10.196000000000002,0.0,0.16666666666666666,0.0,98.0,8.224,98.0,0.09999999999999999,2.835,16.5403,7.8007,0.0,10.6717,0.9029,0.325,1.2459,4.3698,2.9614,0.0722,0.1806,0.5237,0.2347,0.0903,1.6974,0.5959,0.0,4.1712,0.2709,33.4597,10.2022,0.8487,22.4,5462000.0,32371.0,SVK
128,SI,Slovenia,83.55,80.0,0.0,10.373999999999999,1684.0768180733332,16.166666666666668,0.0,95.5,9.478,95.5,0.09999999999999999,2.2372,13.6108,3.5357,0.0,18.0069,0.6101,0.3442,2.6596,4.5995,4.3492,0.2034,0.1564,0.3755,0.2972,0.1408,1.5019,1.1264,0.0,3.4731,0.6414,36.3892,4.6308,1.1108,22.5,2103000.0,36387.0,SVN
129,SB,Solomon Islands,68.71666666666667,183.33333333333334,0.0,0.42400000000000004,89.26508357983334,0.0,0.0,97.33333333333333,5.933999999999999,81.16666666666667,0.09999999999999999,0.2697,4.1693,0.6638,0.0,16.7393,0.083,1.3483,1.1201,1.6179,0.3941,0.1867,0.0415,4.2315,1.8876,0.083,16.8845,0.2282,0.0,1.7424,0.0622,45.8411,2.1987,0.2074,20.5,715000.0,2427.0,SLB
130,ZA,South Africa,61.666666666666664,322.5,42.666666666666664,7.351999999999999,692.2058441666667,2121.8333333333335,55.666666666666664,71.83333333333333,8.696,71.83333333333333,6.483333333333333,2.2875,7.614,0.2171,0.0,25.9977,0.4341,0.1837,0.5176,5.1428,1.3692,0.0,0.2839,0.4508,0.2672,0.0835,1.0519,0.1169,0.0,5.6938,0.0334,42.3777,5.2763,0.6011,27.0,59628000.0,13526.0,ZAF
131,KR,South Korea,82.55,68.83333333333333,1.3333333333333333,7.494,0.0,119.0,2.0,98.0,7.058,98.0,0.09999999999999999,2.0481,9.3351,1.2318,0.4007,20.5847,0.6085,1.6325,1.1279,4.6453,0.653,0.0,0.1633,1.0834,0.1633,0.0594,0.564,0.1187,0.0,5.2983,0.4749,40.6649,6.6934,2.4488,4.9,51781000.0,38824.0,KOR
132,ES,Spain,82.3,51.333333333333336,1.0,7.601999999999999,1695.8351909083333,951.3333333333334,1.6666666666666667,96.83333333333333,9.366,96.83333333333333,0.09999999999999999,2.4163,13.1824,1.0093,0.0,11.9896,0.8105,1.2999,1.8351,5.9642,3.9456,0.0,0.1376,0.5353,0.7035,0.0153,1.5905,0.3517,0.0,4.8173,0.7035,36.8252,10.3839,1.4834,27.1,47635000.0,39037.0,ESP
133,LK,Sri Lanka,74.61666666666667,140.5,3.0,2.614,52.94665331000001,925.1666666666666,3.5,99.0,3.4200000000000004,99.0,0.09999999999999999,0.2105,3.7696,0.0574,0.0,26.9805,0.3253,1.1864,1.5499,0.6123,1.5308,0.0191,0.0574,5.7788,1.7604,0.8611,1.3203,0.0957,0.0,5.377000000000001,0.1722,46.2304,1.129,0.9759,5.4,21937000.0,12863.0,LKA
134,VC,St. Vincent and the Grenadines,72.83333333333333,135.16666666666666,0.0,7.006,0.0,0.0,0.0,97.0,6.404000000000001,97.33333333333333,0.09999999999999999,1.8243,10.2196,0.2703,0.0,17.0777,0.2872,0.5574,3.5473,6.5878,2.3986,0.5068,0.1182,0.2534,1.3345,0.5912,2.3480000000000003,0.5405,0.0,7.027,0.1351,39.7804,3.6655,0.9291,23.8,111000.0,11769.0,VCT
135,SD,Sudan,63.29999999999999,234.16666666666666,60.166666666666664,0.784,178.44419455,3648.8333333333335,88.5,79.0,8.264,79.0,0.3,0.0,7.9737,0.4316,0.0,22.8319,0.1028,0.0411,2.3839,2.4866,4.7267,0.0206,0.185,1.2125,2.0756,0.0822,0.8837,0.0617,0.1233,6.3296,0.0,42.0263,4.7061,1.3152,7.4,43849000.0,4914.0,SDN
136,SR,Suriname,72.41666666666667,152.83333333333334,0.0,5.794,751.989481425,0.0,0.0,87.66666666666667,6.058,87.66666666666667,0.45,1.4479,6.2001,0.2042,0.0,20.8094,0.4084,0.594,2.5617,3.8426,1.1138,0.4084,0.0371,1.0581,0.3527,0.0371,1.188,0.3156,0.0557,7.5924,0.0557,43.7906,6.8127,1.1138,26.5,605000.0,15191.0,SUR
137,SE,Sweden,81.91666666666667,56.166666666666664,0.0,7.32,4259.636141116666,26.833333333333332,0.0,98.0,11.374,98.0,0.09999999999999999,2.2981,16.4907,3.7422,0.0,13.7733,0.823,0.9161,1.5839,5.2484,5.7609,0.1863,0.0155,0.4658,0.2484,0.1242,1.5373,0.3261,0.0,5.263999999999999,0.4503,33.4938,6.1801,1.0714,22.1,10377000.0,51405.0,SWE
138,CH,Switzerland,82.86666666666666,53.0,0.0,9.84,12996.624099166665,165.33333333333334,0.0,96.16666666666667,11.574000000000002,96.0,0.09999999999999999,2.3293,15.5435,2.4172,0.0,11.7492,0.586,0.4395,1.9338,6.1822,5.7867,0.0,0.1172,0.2783,0.249,0.0879,1.0841,0.2051,0.0,7.8963,0.9522,34.4711,6.695,0.9962,21.2,8634000.0,66307.0,CHE
139,TJ,Tajikistan,68.8,164.5,10.0,0.13399999999999998,29.28546145433334,3.5,11.5,95.83333333333333,6.4799999999999995,95.33333333333333,0.19999999999999998,0.1427,5.1831,0.0,0.0,27.4132,0.214,0.0238,1.5216,2.3776,2.3776,0.0951,0.1664,0.4042,0.5944,0.0476,1.379,0.3566,0.0,3.8992,0.1189,44.8407,5.4922,3.3524,12.6,9429000.0,3202.0,TJK
140,TZ,Tanzania,60.48333333333333,228.0,86.83333333333333,3.2840000000000003,0.0,626.6666666666666,124.83333333333333,79.16666666666667,5.578,79.66666666666667,2.5,1.0643,2.7337,0.313,0.0,20.409000000000002,0.0209,0.2922,2.5042,0.9182,1.1895,0.0,0.0,2.2329,4.8831,0.0626,7.5751,0.0209,0.0,2.4207,0.0835,47.2663,5.3631,0.6469,7.1,59734000.0,2948.0,TZA
141,TH,Thailand,74.38333333333333,153.33333333333334,9.0,6.298,533.1575495666666,2288.5,10.5,99.0,4.044,99.0,0.13333333333333333,2.1401,6.4025,0.336,0.0,23.1871,0.902,1.1496,1.8394,3.0775,0.8490000000000001,0.0177,0.0707,1.3265,0.4245,1.0612,1.0612,0.0707,0.0,7.729,0.1061,43.5975,4.0679,0.5837,10.8,66534000.0,17910.0,THA
142,TL,Timor-Leste,67.58333333333333,158.0,2.0,0.126,17.169330401,153.83333333333334,2.3333333333333335,75.66666666666667,1.1099999999999999,76.16666666666667,0.09999999999999999,0.1169,5.0491,0.3974,0.0,32.7256,0.0701,0.374,0.6078,3.9972,0.1169,0.187,0.0701,0.9818,1.5428,0.0701,2.4778,0.3039,0.0,2.5245,0.0,44.9743,2.9687,0.4441,2.9,1318000.0,7228.0,TLS
143,TG,Togo,58.93333333333333,251.66666666666666,13.666666666666666,0.5359999999999999,29.375356779833336,284.3333333333333,20.5,84.83333333333333,5.212000000000001,85.16666666666667,1.9333333333333336,0.2882,2.0379,0.1029,0.0,23.2812,0.0618,0.3911,0.2058,1.1116,0.3088,0.1647,0.0412,0.8234,3.0259,0.1029,10.5599,0.0618,0.0,2.8201,0.0,47.9621,6.2577,0.3911,7.1,8279000.0,1663.0,TGO
144,TT,Trinidad and Tobago,73.55,148.16666666666666,0.0,6.67,794.5220482833333,0.0,0.0,91.5,5.715999999999999,65.0,0.3499999999999999,0.8874,9.9918,1.3969,0.0,18.4224,0.2629,0.7067,1.249,4.6343,2.9088,0.37799999999999995,0.0986,1.0682,1.4297,0.37799999999999995,1.1997,0.1808,0.0,9.1537,0.1972,40.0164,4.7658,0.6738,19.7,1369000.0,31645.0,TTO
145,TN,Tunisia,74.96666666666667,10.666666666666666,3.0,1.31,412.24355293,17.833333333333332,3.0,97.83333333333333,7.025999999999999,97.83333333333333,0.09999999999999999,0.2452,5.7984,0.6779,0.0,23.9579,0.3894,0.3462,1.9472,1.6876,2.6107,0.0288,0.0721,0.5193,1.0097,0.2452,0.8654,0.1587,0.0,5.0483,0.7356,44.2233,7.0676,2.3655,27.3,11896000.0,11936.0,TUN
146,TR,Turkey,75.0,65.66666666666667,18.0,1.4840000000000002,283.2439237483333,1463.1666666666667,21.166666666666668,97.0,5.386,97.0,0.09999999999999999,0.3107,7.5989,0.9322,0.0,19.2938,0.4237,0.1271,2.2881,2.1328,3.9266,0.0282,0.0706,0.6921,1.7232,0.2966,1.2853,0.0989,0.0,4.3644,1.0734,42.4011,8.7571,2.1751,32.2,83737000.0,28002.0,TUR
147,TM,Turkmenistan,65.78333333333333,185.0,6.833333333333333,2.722,368.3395977,0.0,7.833333333333333,97.66666666666667,2.15,97.5,0.09999999999999999,0.2263,13.1267,1.7409,0.0,27.4025,0.4701,0.1045,1.3231,6.4415,4.335,0.087,0.0522,0.1393,0.2263,0.0,1.0097,0.4178,0.0,1.3057,0.0696,36.8558,3.1337,1.5319999999999998,17.5,6031000.0,18031.0,TKM
148,UG,Uganda,61.416666666666664,283.6666666666667,72.16666666666667,4.056,68.08599267833334,2553.6666666666665,105.83333333333333,81.5,8.674000000000001,67.0,4.95,1.7949,3.8462,0.1865,0.0,13.8462,0.0699,0.4895,6.6667,1.4918,1.5152,0.0233,0.0932,1.7016,5.5711,0.0233,8.7413,0.0233,0.0,2.6573,0.0,46.1538,4.6154,0.4895,4.1,45741000.0,1868.0,UGA
149,UA,Ukraine,73.68333333333334,112.83333333333333,4.5,8.362,217.11975633466668,2370.5,5.166666666666667,58.5,7.406000000000001,42.5,0.19999999999999998,1.5319,9.8831,1.2848,0.0,20.0791,0.9059,0.3459,1.153,3.3767,3.8379,0.0165,0.1153,0.0329,0.2965,0.0329,3.9697,0.1812,0.0,6.7699,0.2141,40.1087,4.0521,1.8119,26.1,41778000.0,8699.0,UKR
150,AE,United Arab Emirates,76.61666666666666,66.83333333333333,1.0,1.78,1433.2481984000003,151.66666666666666,1.0,96.83333333333333,3.6420000000000003,96.83333333333333,0.09999999999999999,0.0,8.8519,0.9505,0.0,20.9268,0.4307,0.6089,2.614,3.6834,3.0744,0.2376,0.1188,0.9505,3.7576,0.5941,0.3862,0.10400000000000001,0.0,5.4953,1.1585,41.1407,3.5051,1.411,29.9,9778000.0,74035.0,ARE
151,GB,United Kingdom,83.86666666666666,72.5,3.0,10.555000000000001,0.0,965.0,4.0,95.0,9.344,95.0,0.09999999999999999,2.217,14.2211,1.5607,0.0,13.4189,0.6272,0.5251,1.9837,6.5636,4.8425,0.2917,0.1021,0.5543,0.5105,0.1604,2.5817,0.7585,0.0,5.3092,0.3209,35.7789,6.6657,1.0064,29.5,67160000.0,44920.0,GBR
152,US,United States of America,78.91666666666666,15.0,23.833333333333332,8.736,0.0,230.0,27.833333333333332,93.16666666666667,17.208000000000002,94.83333333333333,0.09999999999999999,2.1373,13.6201,1.3009,0.0,10.7792,0.7832,0.4779,1.7788,6.1065,4.925,0.0,0.0133,0.9027,0.4646,0.1062,1.2478,0.292,0.0,8.0048,0.4779,36.3733,9.2792,0.9292,37.3,329878000.0,59928.0,USA
153,UY,Uruguay,76.73333333333333,116.16666666666667,0.0,5.96,672.6012206666668,0.0,0.3333333333333333,94.83333333333333,8.636,94.83333333333333,0.09999999999999999,1.3481,12.1808,1.0785,0.0,17.732,0.6661,0.2855,1.3957,5.2181,4.8374,0.1427,0.0952,0.5868,0.4282,0.0317,1.5859999999999999,0.4758,0.0,7.3751,0.0476,37.8113,5.8208,0.8565,28.9,3531000.0,22610.0,URY
154,UZ,Uzbekistan,68.88333333333334,183.83333333333334,17.5,1.1179999999999999,49.41116312566667,103.83333333333333,20.0,99.0,5.927999999999999,99.0,0.11666666666666665,0.6785,10.7893,0.6123,0.0,24.8221,0.4137,0.0662,2.2174,3.5247,6.007000000000001,0.0331,0.1655,0.0993,0.0,0.0165,1.6217,0.0662,0.0,1.7045,0.2151,39.2189,4.5011,3.2269,15.3,34174000.0,6880.0,UZB
155,VU,Vanuatu,71.48333333333333,117.66666666666667,0.0,0.358,395.0311163666667,8.166666666666666,0.0,65.16666666666667,4.276000000000001,64.33333333333333,0.09999999999999999,0.2668,7.4519,0.667,0.0,16.1044,0.1906,1.2197,2.287,4.3835,0.8767,0.0762,0.1334,10.4822,0.0,0.0953,7.9093,0.1144,0.0,2.4204,0.0191,42.5386,2.1536,0.6099,23.5,321000.0,3215.0,VUT
156,VN,Viet Nam,75.63333333333334,110.16666666666667,28.5,4.016,0.0,3424.8333333333335,35.333333333333336,95.5,6.878,89.33333333333333,0.09999999999999999,0.715,10.9806,0.9363,0.0,26.9833,0.2894,1.0385,1.8046,7.8311,0.5618,0.034,0.3064,1.8897,0.4597,0.4256,0.715,0.1021,0.1532,2.094,0.3575,39.0364,1.3279,1.9578,2.1,96209000.0,6790.0,VNM
157,YE,Yemen,65.03333333333335,230.16666666666666,36.0,0.038,0.0,1174.3333333333333,46.0,68.5,5.544,71.16666666666667,0.09999999999999999,0.0,3.4667,0.3394,0.0,32.0727,0.1455,0.1697,1.1879,2.0121,0.6545,0.0485,0.1212,0.1697,1.2121,0.0485,0.3152,0.1212,0.0,7.0303,0.0242,46.5455,3.9515,0.3636,14.1,29826000.0,2606.0,YEM
158,ZM,Zambia,60.21666666666667,292.1666666666667,28.666666666666668,2.0100000000000002,130.269494825,4989.5,42.5,43.166666666666664,4.712,69.33333333333333,5.316666666666666,1.1925,3.3043,0.32299999999999995,0.0,31.5528,0.1988,0.5714,0.2236,1.5155,0.5217,0.0497,0.1491,3.1801,0.2981,0.0745,4.0994,0.0248,0.0,2.559,0.0,46.7081,3.0062,0.4472,6.5,18384000.0,4033.0,ZMB
159,ZW,Zimbabwe,58.01666666666666,421.0,25.5,6.038,38.525125005,1616.0,37.833333333333336,92.0,6.338,91.66666666666667,9.516666666666667,1.4269,3.9356,0.6904,0.0,29.8044,0.1381,0.1611,0.4373,1.7491,1.0817,0.046,0.0921,0.6904,0.6214,0.046,1.2888,0.046,0.0,5.0403,0.1151,46.0759,6.2601,0.2532,12.3,14863000.0,2434.0,ZWE
